status,out_dir,checkpoint,experiment,predicted_class,predicted_probability,class_probabilities
ok,/home/zeus/content/IOT_fusion/NEW/processed/default_balanced/cnn_img_only,/home/zeus/content/IOT_fusion/outputs/ablations_v2/processed/default_balanced/cnn_img_only/best.pth,"{'dataset_source': 'processed', 'variant': 'default_balanced', 'experiment_name': 'cnn_img_only', 'image_model': 'cnn', 'tabular_model': None, 'mode': 'image_only', 'scope': 'full'}",ACK,0.4704691469669342,"{'ACK': 0.4704691469669342, 'BCC': 0.17444312572479248, 'MEL': 0.024184854701161385, 'NEV': 0.10272840410470963, 'SCC': 0.08980154991149902, 'SEK': 0.13837285339832306}"
ok,/home/zeus/content/IOT_fusion/NEW/processed/default_balanced/cnn_mlp_early_fusion,/home/zeus/content/IOT_fusion/outputs/ablations_v2/processed/default_balanced/cnn_mlp_early_fusion/best.pth,"{'dataset_source': 'processed', 'variant': 'default_balanced', 'experiment_name': 'cnn_mlp_early_fusion', 'image_model': 'cnn', 'tabular_model': 'mlp', 'mode': 'early_fusion', 'scope': 'full'}",ACK,0.4374060332775116,"{'ACK': 0.4374060332775116, 'BCC': 0.199021115899086, 'MEL': 0.05385721102356911, 'NEV': 0.07965316623449326, 'SCC': 0.10709302872419357, 'SEK': 0.12296946346759796}"
ok,/home/zeus/content/IOT_fusion/NEW/processed/default_balanced/cnn_mlp_intermediate_fusion,/home/zeus/content/IOT_fusion/outputs/ablations_v2/processed/default_balanced/cnn_mlp_intermediate_fusion/best.pth,"{'dataset_source': 'processed', 'variant': 'default_balanced', 'experiment_name': 'cnn_mlp_intermediate_fusion', 'image_model': 'cnn', 'tabular_model': 'mlp', 'mode': 'intermediate_fusion', 'scope': 'full'}",ACK,0.40288278460502625,"{'ACK': 0.40288278460502625, 'BCC': 0.02401100844144821, 'MEL': 0.047820694744586945, 'NEV': 0.3249291777610779, 'SCC': 0.033256806433200836, 'SEK': 0.16709953546524048}"
ok,/home/zeus/content/IOT_fusion/NEW/processed/default_balanced/cnn_mlp_late_fusion,/home/zeus/content/IOT_fusion/outputs/ablations_v2/processed/default_balanced/cnn_mlp_late_fusion/best.pth,"{'dataset_source': 'processed', 'variant': 'default_balanced', 'experiment_name': 'cnn_mlp_late_fusion', 'image_model': 'cnn', 'tabular_model': 'mlp', 'mode': 'late_fusion', 'scope': 'full'}",NEV,0.4280707538127899,"{'ACK': 0.30434858798980713, 'BCC': 0.015094136819243431, 'MEL': 0.024311359971761703, 'NEV': 0.4280707538127899, 'SCC': 0.03388312831521034, 'SEK': 0.1942920982837677}"
ok,/home/zeus/content/IOT_fusion/NEW/processed/default_balanced/cnn_tabtransformer_early_fusion,/home/zeus/content/IOT_fusion/outputs/ablations_v2/processed/default_balanced/cnn_tabtransformer_early_fusion/best.pth,"{'dataset_source': 'processed', 'variant': 'default_balanced', 'experiment_name': 'cnn_tabtransformer_early_fusion', 'image_model': 'cnn', 'tabular_model': 'tabtransformer', 'mode': 'early_fusion', 'scope': 'full'}",BCC,0.3604273498058319,"{'ACK': 0.23039668798446655, 'BCC': 0.3604273498058319, 'MEL': 0.05236097425222397, 'NEV': 0.037063535302877426, 'SCC': 0.27646923065185547, 'SEK': 0.04328228905797005}"
ok,/home/zeus/content/IOT_fusion/NEW/processed/default_balanced/cnn_tabtransformer_intermediate_fusion,/home/zeus/content/IOT_fusion/outputs/ablations_v2/processed/default_balanced/cnn_tabtransformer_intermediate_fusion/best.pth,"{'dataset_source': 'processed', 'variant': 'default_balanced', 'experiment_name': 'cnn_tabtransformer_intermediate_fusion', 'image_model': 'cnn', 'tabular_model': 'tabtransformer', 'mode': 'intermediate_fusion', 'scope': 'full'}",ACK,0.7108893394470215,"{'ACK': 0.7108893394470215, 'BCC': 0.005264942534267902, 'MEL': 0.024141909554600716, 'NEV': 0.08213883638381958, 'SCC': 0.013439367525279522, 'SEK': 0.16412565112113953}"
ok,/home/zeus/content/IOT_fusion/NEW/processed/default_balanced/cnn_tabtransformer_late_fusion,/home/zeus/content/IOT_fusion/outputs/ablations_v2/processed/default_balanced/cnn_tabtransformer_late_fusion/best.pth,"{'dataset_source': 'processed', 'variant': 'default_balanced', 'experiment_name': 'cnn_tabtransformer_late_fusion', 'image_model': 'cnn', 'tabular_model': 'tabtransformer', 'mode': 'late_fusion', 'scope': 'full'}",ACK,0.6843351721763611,"{'ACK': 0.6843351721763611, 'BCC': 0.014707752503454685, 'MEL': 0.011892398819327354, 'NEV': 0.09586546570062637, 'SCC': 0.02082451432943344, 'SEK': 0.17237462103366852}"
ok,/home/zeus/content/IOT_fusion/NEW/processed/default_balanced/conformer_img_only,/home/zeus/content/IOT_fusion/outputs/ablations_v2/processed/default_balanced/conformer_img_only/best.pth,"{'dataset_source': 'processed', 'variant': 'default_balanced', 'experiment_name': 'conformer_img_only', 'image_model': 'conformer', 'tabular_model': None, 'mode': 'image_only', 'scope': 'full'}",ACK,0.3779453635215759,"{'ACK': 0.3779453635215759, 'BCC': 0.36967527866363525, 'MEL': 0.01940419338643551, 'NEV': 0.020245227962732315, 'SCC': 0.13751406967639923, 'SEK': 0.07521595805883408}"
ok,/home/zeus/content/IOT_fusion/NEW/processed/default_balanced/conformer_mlp_early_fusion,/home/zeus/content/IOT_fusion/outputs/ablations_v2/processed/default_balanced/conformer_mlp_early_fusion/best.pth,"{'dataset_source': 'processed', 'variant': 'default_balanced', 'experiment_name': 'conformer_mlp_early_fusion', 'image_model': 'conformer', 'tabular_model': 'mlp', 'mode': 'early_fusion', 'scope': 'full'}",ACK,0.4968174695968628,"{'ACK': 0.4968174695968628, 'BCC': 0.2131931185722351, 'MEL': 0.028675584122538567, 'NEV': 0.019601143896579742, 'SCC': 0.128096342086792, 'SEK': 0.11361631006002426}"
ok,/home/zeus/content/IOT_fusion/NEW/processed/default_balanced/conformer_mlp_intermediate_fusion,/home/zeus/content/IOT_fusion/outputs/ablations_v2/processed/default_balanced/conformer_mlp_intermediate_fusion/best.pth,"{'dataset_source': 'processed', 'variant': 'default_balanced', 'experiment_name': 'conformer_mlp_intermediate_fusion', 'image_model': 'conformer', 'tabular_model': 'mlp', 'mode': 'intermediate_fusion', 'scope': 'full'}",ACK,0.3937545716762543,"{'ACK': 0.3937545716762543, 'BCC': 0.033475231379270554, 'MEL': 0.05054732412099838, 'NEV': 0.2796984612941742, 'SCC': 0.04710349440574646, 'SEK': 0.19542086124420166}"
ok,/home/zeus/content/IOT_fusion/NEW/processed/default_balanced/conformer_mlp_late_fusion,/home/zeus/content/IOT_fusion/outputs/ablations_v2/processed/default_balanced/conformer_mlp_late_fusion/best.pth,"{'dataset_source': 'processed', 'variant': 'default_balanced', 'experiment_name': 'conformer_mlp_late_fusion', 'image_model': 'conformer', 'tabular_model': 'mlp', 'mode': 'late_fusion', 'scope': 'full'}",ACK,0.3962475657463074,"{'ACK': 0.3962475657463074, 'BCC': 0.02255808748304844, 'MEL': 0.012028013356029987, 'NEV': 0.20313286781311035, 'SCC': 0.04884304478764534, 'SEK': 0.31719040870666504}"
ok,/home/zeus/content/IOT_fusion/NEW/processed/default_balanced/conformer_tabtransformer_early_fusion,/home/zeus/content/IOT_fusion/outputs/ablations_v2/processed/default_balanced/conformer_tabtransformer_early_fusion/best.pth,"{'dataset_source': 'processed', 'variant': 'default_balanced', 'experiment_name': 'conformer_tabtransformer_early_fusion', 'image_model': 'conformer', 'tabular_model': 'tabtransformer', 'mode': 'early_fusion', 'scope': 'full'}",ACK,0.6955724358558655,"{'ACK': 0.6955724358558655, 'BCC': 0.15720157325267792, 'MEL': 0.013627149164676666, 'NEV': 0.019727610051631927, 'SCC': 0.05482356250286102, 'SEK': 0.05904756858944893}"
ok,/home/zeus/content/IOT_fusion/NEW/processed/default_balanced/conformer_tabtransformer_intermediate_fusion,/home/zeus/content/IOT_fusion/outputs/ablations_v2/processed/default_balanced/conformer_tabtransformer_intermediate_fusion/best.pth,"{'dataset_source': 'processed', 'variant': 'default_balanced', 'experiment_name': 'conformer_tabtransformer_intermediate_fusion', 'image_model': 'conformer', 'tabular_model': 'tabtransformer', 'mode': 'intermediate_fusion', 'scope': 'full'}",ACK,0.7712836265563965,"{'ACK': 0.7712836265563965, 'BCC': 0.012289836071431637, 'MEL': 0.01821517013013363, 'NEV': 0.06591157615184784, 'SCC': 0.014584820717573166, 'SEK': 0.1177150309085846}"
ok,/home/zeus/content/IOT_fusion/NEW/processed/default_balanced/conformer_tabtransformer_late_fusion,/home/zeus/content/IOT_fusion/outputs/ablations_v2/processed/default_balanced/conformer_tabtransformer_late_fusion/best.pth,"{'dataset_source': 'processed', 'variant': 'default_balanced', 'experiment_name': 'conformer_tabtransformer_late_fusion', 'image_model': 'conformer', 'tabular_model': 'tabtransformer', 'mode': 'late_fusion', 'scope': 'full'}",ACK,0.7556504607200623,"{'ACK': 0.7556504607200623, 'BCC': 0.0197756327688694, 'MEL': 0.009077824652194977, 'NEV': 0.06807249039411545, 'SCC': 0.018289819359779358, 'SEK': 0.12913371622562408}"
ok,/home/zeus/content/IOT_fusion/NEW/processed/default_balanced/cvt_img_only,/home/zeus/content/IOT_fusion/outputs/ablations_v2/processed/default_balanced/cvt_img_only/best.pth,"{'dataset_source': 'processed', 'variant': 'default_balanced', 'experiment_name': 'cvt_img_only', 'image_model': 'cvt', 'tabular_model': None, 'mode': 'image_only', 'scope': 'full'}",ACK,0.2825162708759308,"{'ACK': 0.2825162708759308, 'BCC': 0.23968946933746338, 'MEL': 0.03860131651163101, 'NEV': 0.028177523985505104, 'SCC': 0.14552760124206543, 'SEK': 0.26548776030540466}"
ok,/home/zeus/content/IOT_fusion/NEW/processed/default_balanced/cvt_mlp_early_fusion,/home/zeus/content/IOT_fusion/outputs/ablations_v2/processed/default_balanced/cvt_mlp_early_fusion/best.pth,"{'dataset_source': 'processed', 'variant': 'default_balanced', 'experiment_name': 'cvt_mlp_early_fusion', 'image_model': 'cvt', 'tabular_model': 'mlp', 'mode': 'early_fusion', 'scope': 'full'}",BCC,0.3943699896335602,"{'ACK': 0.23104403913021088, 'BCC': 0.3943699896335602, 'MEL': 0.09898058325052261, 'NEV': 0.014148528687655926, 'SCC': 0.2014666199684143, 'SEK': 0.059990257024765015}"
ok,/home/zeus/content/IOT_fusion/NEW/processed/default_balanced/cvt_mlp_intermediate_fusion,/home/zeus/content/IOT_fusion/outputs/ablations_v2/processed/default_balanced/cvt_mlp_intermediate_fusion/best.pth,"{'dataset_source': 'processed', 'variant': 'default_balanced', 'experiment_name': 'cvt_mlp_intermediate_fusion', 'image_model': 'cvt', 'tabular_model': 'mlp', 'mode': 'intermediate_fusion', 'scope': 'full'}",ACK,0.3744793236255646,"{'ACK': 0.3744793236255646, 'BCC': 0.028945285826921463, 'MEL': 0.04881816357374191, 'NEV': 0.16695179045200348, 'SCC': 0.03215975686907768, 'SEK': 0.3486456573009491}"
ok,/home/zeus/content/IOT_fusion/NEW/processed/default_balanced/cvt_mlp_late_fusion,/home/zeus/content/IOT_fusion/outputs/ablations_v2/processed/default_balanced/cvt_mlp_late_fusion/best.pth,"{'dataset_source': 'processed', 'variant': 'default_balanced', 'experiment_name': 'cvt_mlp_late_fusion', 'image_model': 'cvt', 'tabular_model': 'mlp', 'mode': 'late_fusion', 'scope': 'full'}",ACK,0.5302947163581848,"{'ACK': 0.5302947163581848, 'BCC': 0.02593121863901615, 'MEL': 0.035664964467287064, 'NEV': 0.17858408391475677, 'SCC': 0.048076331615448, 'SEK': 0.18144869804382324}"
ok,/home/zeus/content/IOT_fusion/NEW/processed/default_balanced/cvt_tabtransformer_early_fusion,/home/zeus/content/IOT_fusion/outputs/ablations_v2/processed/default_balanced/cvt_tabtransformer_early_fusion/best.pth,"{'dataset_source': 'processed', 'variant': 'default_balanced', 'experiment_name': 'cvt_tabtransformer_early_fusion', 'image_model': 'cvt', 'tabular_model': 'tabtransformer', 'mode': 'early_fusion', 'scope': 'full'}",ACK,0.29155775904655457,"{'ACK': 0.29155775904655457, 'BCC': 0.21141764521598816, 'MEL': 0.041942745447158813, 'NEV': 0.11084018647670746, 'SCC': 0.11171720921993256, 'SEK': 0.23252446949481964}"
ok,/home/zeus/content/IOT_fusion/NEW/processed/default_balanced/cvt_tabtransformer_intermediate_fusion,/home/zeus/content/IOT_fusion/outputs/ablations_v2/processed/default_balanced/cvt_tabtransformer_intermediate_fusion/best.pth,"{'dataset_source': 'processed', 'variant': 'default_balanced', 'experiment_name': 'cvt_tabtransformer_intermediate_fusion', 'image_model': 'cvt', 'tabular_model': 'tabtransformer', 'mode': 'intermediate_fusion', 'scope': 'full'}",ACK,0.4811474680900574,"{'ACK': 0.4811474680900574, 'BCC': 0.019936485216021538, 'MEL': 0.05914369598031044, 'NEV': 0.08105216920375824, 'SCC': 0.02370334602892399, 'SEK': 0.33501678705215454}"
ok,/home/zeus/content/IOT_fusion/NEW/processed/default_balanced/cvt_tabtransformer_late_fusion,/home/zeus/content/IOT_fusion/outputs/ablations_v2/processed/default_balanced/cvt_tabtransformer_late_fusion/best.pth,"{'dataset_source': 'processed', 'variant': 'default_balanced', 'experiment_name': 'cvt_tabtransformer_late_fusion', 'image_model': 'cvt', 'tabular_model': 'tabtransformer', 'mode': 'late_fusion', 'scope': 'full'}",ACK,0.7360313534736633,"{'ACK': 0.7360313534736633, 'BCC': 0.02116088569164276, 'MEL': 0.011137927882373333, 'NEV': 0.026353416964411736, 'SCC': 0.027370193973183632, 'SEK': 0.1779463142156601}"
ok,/home/zeus/content/IOT_fusion/NEW/processed/default_balanced/efficientnet_img_only,/home/zeus/content/IOT_fusion/outputs/ablations_v2/processed/default_balanced/efficientnet_img_only/best.pth,"{'dataset_source': 'processed', 'variant': 'default_balanced', 'experiment_name': 'efficientnet_img_only', 'image_model': 'efficientnet', 'tabular_model': None, 'mode': 'image_only', 'scope': 'full'}",ACK,0.45679032802581787,"{'ACK': 0.45679032802581787, 'BCC': 0.2738897204399109, 'MEL': 0.019958794116973877, 'NEV': 0.025528088212013245, 'SCC': 0.15735192596912384, 'SEK': 0.06648111343383789}"
ok,/home/zeus/content/IOT_fusion/NEW/processed/default_balanced/efficientnet_mlp_early_fusion,/home/zeus/content/IOT_fusion/outputs/ablations_v2/processed/default_balanced/efficientnet_mlp_early_fusion/best.pth,"{'dataset_source': 'processed', 'variant': 'default_balanced', 'experiment_name': 'efficientnet_mlp_early_fusion', 'image_model': 'efficientnet', 'tabular_model': 'mlp', 'mode': 'early_fusion', 'scope': 'full'}",BCC,0.43385520577430725,"{'ACK': 0.14573854207992554, 'BCC': 0.43385520577430725, 'MEL': 0.03117692656815052, 'NEV': 0.012140585109591484, 'SCC': 0.35523751378059387, 'SEK': 0.021851109340786934}"
ok,/home/zeus/content/IOT_fusion/NEW/processed/default_balanced/efficientnet_mlp_intermediate_fusion,/home/zeus/content/IOT_fusion/outputs/ablations_v2/processed/default_balanced/efficientnet_mlp_intermediate_fusion/best.pth,"{'dataset_source': 'processed', 'variant': 'default_balanced', 'experiment_name': 'efficientnet_mlp_intermediate_fusion', 'image_model': 'efficientnet', 'tabular_model': 'mlp', 'mode': 'intermediate_fusion', 'scope': 'full'}",ACK,0.575925886631012,"{'ACK': 0.575925886631012, 'BCC': 0.04710666835308075, 'MEL': 0.03633371368050575, 'NEV': 0.1868620365858078, 'SCC': 0.061484720557928085, 'SEK': 0.09228694438934326}"
ok,/home/zeus/content/IOT_fusion/NEW/processed/default_balanced/efficientnet_mlp_late_fusion,/home/zeus/content/IOT_fusion/outputs/ablations_v2/processed/default_balanced/efficientnet_mlp_late_fusion/best.pth,"{'dataset_source': 'processed', 'variant': 'default_balanced', 'experiment_name': 'efficientnet_mlp_late_fusion', 'image_model': 'efficientnet', 'tabular_model': 'mlp', 'mode': 'late_fusion', 'scope': 'full'}",ACK,0.5835443139076233,"{'ACK': 0.5835443139076233, 'BCC': 0.024832071736454964, 'MEL': 0.013187786564230919, 'NEV': 0.25945597887039185, 'SCC': 0.06366510689258575, 'SEK': 0.05531473830342293}"
ok,/home/zeus/content/IOT_fusion/NEW/processed/default_balanced/efficientnet_tabtransformer_early_fusion,/home/zeus/content/IOT_fusion/outputs/ablations_v2/processed/default_balanced/efficientnet_tabtransformer_early_fusion/best.pth,"{'dataset_source': 'processed', 'variant': 'default_balanced', 'experiment_name': 'efficientnet_tabtransformer_early_fusion', 'image_model': 'efficientnet', 'tabular_model': 'tabtransformer', 'mode': 'early_fusion', 'scope': 'full'}",BCC,0.3380729854106903,"{'ACK': 0.3101671040058136, 'BCC': 0.3380729854106903, 'MEL': 0.04279527813196182, 'NEV': 0.03093111887574196, 'SCC': 0.22143784165382385, 'SEK': 0.05659567192196846}"
ok,/home/zeus/content/IOT_fusion/NEW/processed/default_balanced/efficientnet_tabtransformer_intermediate_fusion,/home/zeus/content/IOT_fusion/outputs/ablations_v2/processed/default_balanced/efficientnet_tabtransformer_intermediate_fusion/best.pth,"{'dataset_source': 'processed', 'variant': 'default_balanced', 'experiment_name': 'efficientnet_tabtransformer_intermediate_fusion', 'image_model': 'efficientnet', 'tabular_model': 'tabtransformer', 'mode': 'intermediate_fusion', 'scope': 'full'}",ACK,0.827582836151123,"{'ACK': 0.827582836151123, 'BCC': 0.0072379340417683125, 'MEL': 0.026314249262213707, 'NEV': 0.04741206392645836, 'SCC': 0.01453310064971447, 'SEK': 0.07691971957683563}"
ok,/home/zeus/content/IOT_fusion/NEW/processed/default_balanced/efficientnet_tabtransformer_late_fusion,/home/zeus/content/IOT_fusion/outputs/ablations_v2/processed/default_balanced/efficientnet_tabtransformer_late_fusion/best.pth,"{'dataset_source': 'processed', 'variant': 'default_balanced', 'experiment_name': 'efficientnet_tabtransformer_late_fusion', 'image_model': 'efficientnet', 'tabular_model': 'tabtransformer', 'mode': 'late_fusion', 'scope': 'full'}",SEK,0.5399224162101746,"{'ACK': 0.2445027083158493, 'BCC': 0.014869281090795994, 'MEL': 0.01458505168557167, 'NEV': 0.16620883345603943, 'SCC': 0.01991169899702072, 'SEK': 0.5399224162101746}"
ok,/home/zeus/content/IOT_fusion/NEW/processed/default_balanced/mlp_tab_only,/home/zeus/content/IOT_fusion/outputs/ablations_v2/processed/default_balanced/mlp_tab_only/best.pth,"{'dataset_source': 'processed', 'variant': 'default_balanced', 'experiment_name': 'mlp_tab_only', 'image_model': None, 'tabular_model': 'mlp', 'mode': 'tabular_only', 'scope': 'full'}",NEV,0.48620152473449707,"{'ACK': 0.2846265137195587, 'BCC': 0.01602295972406864, 'MEL': 0.04088921472430229, 'NEV': 0.48620152473449707, 'SCC': 0.022136138752102852, 'SEK': 0.15012361109256744}"
ok,/home/zeus/content/IOT_fusion/NEW/processed/default_balanced/moe_best,/home/zeus/content/IOT_fusion/outputs/ablations_v2/processed/default_balanced/moe_best/best.pth,"{'dataset_source': 'processed', 'variant': 'default_balanced', 'experiment_name': 'moe_best', 'image_model': None, 'tabular_model': None, 'mode': 'moe', 'scope': 'full'}",ACK,0.39117681980133057,"{'ACK': 0.39117681980133057, 'BCC': 0.07020758092403412, 'MEL': 0.05117221549153328, 'NEV': 0.165980264544487, 'SCC': 0.07057537138462067, 'SEK': 0.2508876621723175}"
ok,/home/zeus/content/IOT_fusion/NEW/processed/default_balanced/sota_best,/home/zeus/content/IOT_fusion/outputs/ablations_v2/processed/default_balanced/sota_best/best.pth,"{'dataset_source': 'processed', 'variant': 'default_balanced', 'experiment_name': 'sota_best', 'image_model': 'sota', 'tabular_model': 'multi_expert', 'mode': 'late_fusion', 'scope': 'sota'}",ACK,0.49949827790260315,"{'ACK': 0.49949827790260315, 'BCC': 0.050585828721523285, 'MEL': 0.02563963457942009, 'NEV': 0.16102540493011475, 'SCC': 0.05707439407706261, 'SEK': 0.20617637038230896}"
ok,/home/zeus/content/IOT_fusion/NEW/processed/default_balanced/tabtransformer_tab_only,/home/zeus/content/IOT_fusion/outputs/ablations_v2/processed/default_balanced/tabtransformer_tab_only/best.pth,"{'dataset_source': 'processed', 'variant': 'default_balanced', 'experiment_name': 'tabtransformer_tab_only', 'image_model': None, 'tabular_model': 'tabtransformer', 'mode': 'tabular_only', 'scope': 'full'}",SEK,0.45489999651908875,"{'ACK': 0.3327781856060028, 'BCC': 0.007990178652107716, 'MEL': 0.03064914606511593, 'NEV': 0.16132326424121857, 'SCC': 0.012359190732240677, 'SEK': 0.45489999651908875}"
ok,/home/zeus/content/IOT_fusion/NEW/processed/default_balanced/transformer_img_only,/home/zeus/content/IOT_fusion/outputs/ablations_v2/processed/default_balanced/transformer_img_only/best.pth,"{'dataset_source': 'processed', 'variant': 'default_balanced', 'experiment_name': 'transformer_img_only', 'image_model': 'transformer', 'tabular_model': None, 'mode': 'image_only', 'scope': 'full'}",ACK,0.44865676760673523,"{'ACK': 0.44865676760673523, 'BCC': 0.32440993189811707, 'MEL': 0.024800388142466545, 'NEV': 0.019061420112848282, 'SCC': 0.13820886611938477, 'SEK': 0.04486265778541565}"
ok,/home/zeus/content/IOT_fusion/NEW/processed/default_balanced/transformer_mlp_early_fusion,/home/zeus/content/IOT_fusion/outputs/ablations_v2/processed/default_balanced/transformer_mlp_early_fusion/best.pth,"{'dataset_source': 'processed', 'variant': 'default_balanced', 'experiment_name': 'transformer_mlp_early_fusion', 'image_model': 'transformer', 'tabular_model': 'mlp', 'mode': 'early_fusion', 'scope': 'full'}",BCC,0.449889212846756,"{'ACK': 0.20352119207382202, 'BCC': 0.449889212846756, 'MEL': 0.018202055245637894, 'NEV': 0.047136396169662476, 'SCC': 0.23048897087574005, 'SEK': 0.05076225474476814}"
ok,/home/zeus/content/IOT_fusion/NEW/processed/default_balanced/transformer_mlp_intermediate_fusion,/home/zeus/content/IOT_fusion/outputs/ablations_v2/processed/default_balanced/transformer_mlp_intermediate_fusion/best.pth,"{'dataset_source': 'processed', 'variant': 'default_balanced', 'experiment_name': 'transformer_mlp_intermediate_fusion', 'image_model': 'transformer', 'tabular_model': 'mlp', 'mode': 'intermediate_fusion', 'scope': 'full'}",ACK,0.4223710000514984,"{'ACK': 0.4223710000514984, 'BCC': 0.029755908995866776, 'MEL': 0.038906753063201904, 'NEV': 0.33580344915390015, 'SCC': 0.03592667356133461, 'SEK': 0.13723629713058472}"
ok,/home/zeus/content/IOT_fusion/NEW/processed/default_balanced/transformer_mlp_late_fusion,/home/zeus/content/IOT_fusion/outputs/ablations_v2/processed/default_balanced/transformer_mlp_late_fusion/best.pth,"{'dataset_source': 'processed', 'variant': 'default_balanced', 'experiment_name': 'transformer_mlp_late_fusion', 'image_model': 'transformer', 'tabular_model': 'mlp', 'mode': 'late_fusion', 'scope': 'full'}",ACK,0.4775557219982147,"{'ACK': 0.4775557219982147, 'BCC': 0.026172935962677002, 'MEL': 0.028278013691306114, 'NEV': 0.30697160959243774, 'SCC': 0.06352727860212326, 'SEK': 0.0974944457411766}"
ok,/home/zeus/content/IOT_fusion/NEW/processed/default_balanced/transformer_tabtransformer_early_fusion,/home/zeus/content/IOT_fusion/outputs/ablations_v2/processed/default_balanced/transformer_tabtransformer_early_fusion/best.pth,"{'dataset_source': 'processed', 'variant': 'default_balanced', 'experiment_name': 'transformer_tabtransformer_early_fusion', 'image_model': 'transformer', 'tabular_model': 'tabtransformer', 'mode': 'early_fusion', 'scope': 'full'}",BCC,0.3634270429611206,"{'ACK': 0.2819807827472687, 'BCC': 0.3634270429611206, 'MEL': 0.03977822884917259, 'NEV': 0.049733079969882965, 'SCC': 0.17684803903102875, 'SEK': 0.08823279291391373}"
ok,/home/zeus/content/IOT_fusion/NEW/processed/default_balanced/transformer_tabtransformer_intermediate_fusion,/home/zeus/content/IOT_fusion/outputs/ablations_v2/processed/default_balanced/transformer_tabtransformer_intermediate_fusion/best.pth,"{'dataset_source': 'processed', 'variant': 'default_balanced', 'experiment_name': 'transformer_tabtransformer_intermediate_fusion', 'image_model': 'transformer', 'tabular_model': 'tabtransformer', 'mode': 'intermediate_fusion', 'scope': 'full'}",ACK,0.6811844706535339,"{'ACK': 0.6811844706535339, 'BCC': 0.013318682089447975, 'MEL': 0.029327360913157463, 'NEV': 0.10003582388162613, 'SCC': 0.016072779893875122, 'SEK': 0.16006092727184296}"
ok,/home/zeus/content/IOT_fusion/NEW/processed/default_balanced/transformer_tabtransformer_late_fusion,/home/zeus/content/IOT_fusion/outputs/ablations_v2/processed/default_balanced/transformer_tabtransformer_late_fusion/best.pth,"{'dataset_source': 'processed', 'variant': 'default_balanced', 'experiment_name': 'transformer_tabtransformer_late_fusion', 'image_model': 'transformer', 'tabular_model': 'tabtransformer', 'mode': 'late_fusion', 'scope': 'full'}",ACK,0.42808932065963745,"{'ACK': 0.42808932065963745, 'BCC': 0.029609035700559616, 'MEL': 0.01887509413063526, 'NEV': 0.21178141236305237, 'SCC': 0.025980619713664055, 'SEK': 0.28566452860832214}"
ok,/home/zeus/content/IOT_fusion/NEW/processed/default_balanced/unet_img_only,/home/zeus/content/IOT_fusion/outputs/ablations_v2/processed/default_balanced/unet_img_only/best.pth,"{'dataset_source': 'processed', 'variant': 'default_balanced', 'experiment_name': 'unet_img_only', 'image_model': 'unet', 'tabular_model': None, 'mode': 'image_only', 'scope': 'full'}",BCC,0.390785813331604,"{'ACK': 0.22853133082389832, 'BCC': 0.390785813331604, 'MEL': 0.0621689073741436, 'NEV': 0.05349677428603172, 'SCC': 0.16002224385738373, 'SEK': 0.10499491542577744}"
ok,/home/zeus/content/IOT_fusion/NEW/processed/default_balanced/unet_mlp_early_fusion,/home/zeus/content/IOT_fusion/outputs/ablations_v2/processed/default_balanced/unet_mlp_early_fusion/best.pth,"{'dataset_source': 'processed', 'variant': 'default_balanced', 'experiment_name': 'unet_mlp_early_fusion', 'image_model': 'unet', 'tabular_model': 'mlp', 'mode': 'early_fusion', 'scope': 'full'}",BCC,0.30094805359840393,"{'ACK': 0.22654174268245697, 'BCC': 0.30094805359840393, 'MEL': 0.1406528800725937, 'NEV': 0.07830725610256195, 'SCC': 0.1492948979139328, 'SEK': 0.10425521433353424}"
ok,/home/zeus/content/IOT_fusion/NEW/processed/default_balanced/unet_mlp_intermediate_fusion,/home/zeus/content/IOT_fusion/outputs/ablations_v2/processed/default_balanced/unet_mlp_intermediate_fusion/best.pth,"{'dataset_source': 'processed', 'variant': 'default_balanced', 'experiment_name': 'unet_mlp_intermediate_fusion', 'image_model': 'unet', 'tabular_model': 'mlp', 'mode': 'intermediate_fusion', 'scope': 'full'}",ACK,0.5677216649055481,"{'ACK': 0.5677216649055481, 'BCC': 0.025877082720398903, 'MEL': 0.029641997069120407, 'NEV': 0.16306805610656738, 'SCC': 0.040626734495162964, 'SEK': 0.17306435108184814}"
ok,/home/zeus/content/IOT_fusion/NEW/processed/default_balanced/unet_mlp_late_fusion,/home/zeus/content/IOT_fusion/outputs/ablations_v2/processed/default_balanced/unet_mlp_late_fusion/best.pth,"{'dataset_source': 'processed', 'variant': 'default_balanced', 'experiment_name': 'unet_mlp_late_fusion', 'image_model': 'unet', 'tabular_model': 'mlp', 'mode': 'late_fusion', 'scope': 'full'}",ACK,0.41166090965270996,"{'ACK': 0.41166090965270996, 'BCC': 0.015521162189543247, 'MEL': 0.02645300142467022, 'NEV': 0.3925085961818695, 'SCC': 0.03368566557765007, 'SEK': 0.12017066031694412}"
ok,/home/zeus/content/IOT_fusion/NEW/processed/default_balanced/unet_tabtransformer_early_fusion,/home/zeus/content/IOT_fusion/outputs/ablations_v2/processed/default_balanced/unet_tabtransformer_early_fusion/best.pth,"{'dataset_source': 'processed', 'variant': 'default_balanced', 'experiment_name': 'unet_tabtransformer_early_fusion', 'image_model': 'unet', 'tabular_model': 'tabtransformer', 'mode': 'early_fusion', 'scope': 'full'}",ACK,0.4482078552246094,"{'ACK': 0.4482078552246094, 'BCC': 0.14190195500850677, 'MEL': 0.08770319074392319, 'NEV': 0.0887000560760498, 'SCC': 0.06543886661529541, 'SEK': 0.1680481880903244}"
ok,/home/zeus/content/IOT_fusion/NEW/processed/default_balanced/unet_tabtransformer_intermediate_fusion,/home/zeus/content/IOT_fusion/outputs/ablations_v2/processed/default_balanced/unet_tabtransformer_intermediate_fusion/best.pth,"{'dataset_source': 'processed', 'variant': 'default_balanced', 'experiment_name': 'unet_tabtransformer_intermediate_fusion', 'image_model': 'unet', 'tabular_model': 'tabtransformer', 'mode': 'intermediate_fusion', 'scope': 'full'}",ACK,0.5841454267501831,"{'ACK': 0.5841454267501831, 'BCC': 0.007915147580206394, 'MEL': 0.024711519479751587, 'NEV': 0.10371645539999008, 'SCC': 0.01163390465080738, 'SEK': 0.26787763833999634}"
ok,/home/zeus/content/IOT_fusion/NEW/processed/default_balanced/unet_tabtransformer_late_fusion,/home/zeus/content/IOT_fusion/outputs/ablations_v2/processed/default_balanced/unet_tabtransformer_late_fusion/best.pth,"{'dataset_source': 'processed', 'variant': 'default_balanced', 'experiment_name': 'unet_tabtransformer_late_fusion', 'image_model': 'unet', 'tabular_model': 'tabtransformer', 'mode': 'late_fusion', 'scope': 'full'}",SEK,0.5100831985473633,"{'ACK': 0.21567925810813904, 'BCC': 0.026959046721458435, 'MEL': 0.035864874720573425, 'NEV': 0.1881742775440216, 'SCC': 0.02323937602341175, 'SEK': 0.5100831985473633}"
ok,/home/zeus/content/IOT_fusion/NEW/processed/feature_selection/cnn_img_only,/home/zeus/content/IOT_fusion/outputs/ablations_v2/processed/feature_selection/cnn_img_only/best.pth,"{'dataset_source': 'processed', 'variant': 'feature_selection', 'experiment_name': 'cnn_img_only', 'image_model': 'cnn', 'tabular_model': None, 'mode': 'image_only', 'scope': 'reduced'}",ACK,0.3989822268486023,"{'ACK': 0.3989822268486023, 'BCC': 0.3063674867153168, 'MEL': 0.020865919068455696, 'NEV': 0.030825955793261528, 'SCC': 0.19823631644248962, 'SEK': 0.0447220541536808}"
ok,/home/zeus/content/IOT_fusion/NEW/processed/feature_selection/cnn_tabtransformer_intermediate_fusion,/home/zeus/content/IOT_fusion/outputs/ablations_v2/processed/feature_selection/cnn_tabtransformer_intermediate_fusion/best.pth,"{'dataset_source': 'processed', 'variant': 'feature_selection', 'experiment_name': 'cnn_tabtransformer_intermediate_fusion', 'image_model': 'cnn', 'tabular_model': 'tabtransformer', 'mode': 'intermediate_fusion', 'scope': 'reduced'}",ACK,0.8179899454116821,"{'ACK': 0.8179899454116821, 'BCC': 0.003615798195824027, 'MEL': 0.019338458776474, 'NEV': 0.03642798587679863, 'SCC': 0.01150404755026102, 'SEK': 0.11112367361783981}"
ok,/home/zeus/content/IOT_fusion/NEW/processed/feature_selection/moe_best,/home/zeus/content/IOT_fusion/outputs/ablations_v2/processed/feature_selection/moe_best/best.pth,"{'dataset_source': 'processed', 'variant': 'feature_selection', 'experiment_name': 'moe_best', 'image_model': None, 'tabular_model': None, 'mode': 'moe', 'scope': 'reduced'}",SEK,0.29066669940948486,"{'ACK': 0.2588765621185303, 'BCC': 0.05108918994665146, 'MEL': 0.05003705993294716, 'NEV': 0.2836916446685791, 'SCC': 0.06563883274793625, 'SEK': 0.29066669940948486}"
ok,/home/zeus/content/IOT_fusion/NEW/processed/feature_selection/sota_best,/home/zeus/content/IOT_fusion/outputs/ablations_v2/processed/feature_selection/sota_best/best.pth,"{'dataset_source': 'processed', 'variant': 'feature_selection', 'experiment_name': 'sota_best', 'image_model': 'sota', 'tabular_model': 'multi_expert', 'mode': 'late_fusion', 'scope': 'sota'}",ACK,0.46787622570991516,"{'ACK': 0.46787622570991516, 'BCC': 0.024598490446805954, 'MEL': 0.035303082317113876, 'NEV': 0.2676258087158203, 'SCC': 0.023977339267730713, 'SEK': 0.18061906099319458}"
ok,/home/zeus/content/IOT_fusion/NEW/processed/feature_selection/tabtransformer_tab_only,/home/zeus/content/IOT_fusion/outputs/ablations_v2/processed/feature_selection/tabtransformer_tab_only/best.pth,"{'dataset_source': 'processed', 'variant': 'feature_selection', 'experiment_name': 'tabtransformer_tab_only', 'image_model': None, 'tabular_model': 'tabtransformer', 'mode': 'tabular_only', 'scope': 'reduced'}",NEV,0.49581119418144226,"{'ACK': 0.07232023030519485, 'BCC': 0.0059616221114993095, 'MEL': 0.03340660408139229, 'NEV': 0.49581119418144226, 'SCC': 0.012280241586267948, 'SEK': 0.3802201449871063}"
ok,/home/zeus/content/IOT_fusion/NEW/processed/no_imbalance/cnn_img_only,/home/zeus/content/IOT_fusion/outputs/ablations_v2/processed/no_imbalance/cnn_img_only/best.pth,"{'dataset_source': 'processed', 'variant': 'no_imbalance', 'experiment_name': 'cnn_img_only', 'image_model': 'cnn', 'tabular_model': None, 'mode': 'image_only', 'scope': 'reduced'}",ACK,0.5589986443519592,"{'ACK': 0.5589986443519592, 'BCC': 0.25109127163887024, 'MEL': 0.0047855861485004425, 'NEV': 0.03900917246937752, 'SCC': 0.07646674662828445, 'SEK': 0.06964854151010513}"
ok,/home/zeus/content/IOT_fusion/NEW/processed/no_imbalance/cnn_tabtransformer_intermediate_fusion,/home/zeus/content/IOT_fusion/outputs/ablations_v2/processed/no_imbalance/cnn_tabtransformer_intermediate_fusion/best.pth,"{'dataset_source': 'processed', 'variant': 'no_imbalance', 'experiment_name': 'cnn_tabtransformer_intermediate_fusion', 'image_model': 'cnn', 'tabular_model': 'tabtransformer', 'mode': 'intermediate_fusion', 'scope': 'reduced'}",ACK,0.8969759345054626,"{'ACK': 0.8969759345054626, 'BCC': 0.0016748647904023528, 'MEL': 0.0012447595363482833, 'NEV': 0.026797715574502945, 'SCC': 0.0015877026598900557, 'SEK': 0.0717189684510231}"
ok,/home/zeus/content/IOT_fusion/NEW/processed/no_imbalance/moe_best,/home/zeus/content/IOT_fusion/outputs/ablations_v2/processed/no_imbalance/moe_best/best.pth,"{'dataset_source': 'processed', 'variant': 'no_imbalance', 'experiment_name': 'moe_best', 'image_model': None, 'tabular_model': None, 'mode': 'moe', 'scope': 'reduced'}",ACK,0.6545411944389343,"{'ACK': 0.6545411944389343, 'BCC': 0.042228326201438904, 'MEL': 0.006019444204866886, 'NEV': 0.11148759722709656, 'SCC': 0.024141810834407806, 'SEK': 0.16158157587051392}"
ok,/home/zeus/content/IOT_fusion/NEW/processed/no_imbalance/sota_best,/home/zeus/content/IOT_fusion/outputs/ablations_v2/processed/no_imbalance/sota_best/best.pth,"{'dataset_source': 'processed', 'variant': 'no_imbalance', 'experiment_name': 'sota_best', 'image_model': 'sota', 'tabular_model': 'multi_expert', 'mode': 'late_fusion', 'scope': 'sota'}",ACK,0.5483248233795166,"{'ACK': 0.5483248233795166, 'BCC': 0.001822942984290421, 'MEL': 0.0006954497075639665, 'NEV': 0.33006441593170166, 'SCC': 0.0018007851904258132, 'SEK': 0.11729159951210022}"
ok,/home/zeus/content/IOT_fusion/NEW/processed/no_imbalance/tabtransformer_tab_only,/home/zeus/content/IOT_fusion/outputs/ablations_v2/processed/no_imbalance/tabtransformer_tab_only/best.pth,"{'dataset_source': 'processed', 'variant': 'no_imbalance', 'experiment_name': 'tabtransformer_tab_only', 'image_model': None, 'tabular_model': 'tabtransformer', 'mode': 'tabular_only', 'scope': 'reduced'}",ACK,0.5533165335655212,"{'ACK': 0.5533165335655212, 'BCC': 0.004096211865544319, 'MEL': 0.005672099534422159, 'NEV': 0.19979290664196014, 'SCC': 0.00520366383716464, 'SEK': 0.23191864788532257}"
ok,/home/zeus/content/IOT_fusion/NEW/unprocessed/default_balanced/cnn_img_only,/home/zeus/content/IOT_fusion/outputs/ablations_v2/unprocessed/default_balanced/cnn_img_only/best.pth,"{'dataset_source': 'unprocessed', 'variant': 'default_balanced', 'experiment_name': 'cnn_img_only', 'image_model': 'cnn', 'tabular_model': None, 'mode': 'image_only', 'scope': 'reduced'}",ACK,0.5088210701942444,"{'ACK': 0.5088210701942444, 'BCC': 0.16124458611011505, 'MEL': 0.019746320322155952, 'NEV': 0.04699942469596863, 'SCC': 0.1298554241657257, 'SEK': 0.13333319127559662}"
ok,/home/zeus/content/IOT_fusion/NEW/unprocessed/default_balanced/cnn_tabtransformer_intermediate_fusion,/home/zeus/content/IOT_fusion/outputs/ablations_v2/unprocessed/default_balanced/cnn_tabtransformer_intermediate_fusion/best.pth,"{'dataset_source': 'unprocessed', 'variant': 'default_balanced', 'experiment_name': 'cnn_tabtransformer_intermediate_fusion', 'image_model': 'cnn', 'tabular_model': 'tabtransformer', 'mode': 'intermediate_fusion', 'scope': 'reduced'}",ACK,0.5722392797470093,"{'ACK': 0.5722392797470093, 'BCC': 0.007211560383439064, 'MEL': 0.018972229212522507, 'NEV': 0.1292988508939743, 'SCC': 0.011398657225072384, 'SEK': 0.26087942719459534}"
ok,/home/zeus/content/IOT_fusion/NEW/unprocessed/default_balanced/moe_best,/home/zeus/content/IOT_fusion/outputs/ablations_v2/unprocessed/default_balanced/moe_best/best.pth,"{'dataset_source': 'unprocessed', 'variant': 'default_balanced', 'experiment_name': 'moe_best', 'image_model': None, 'tabular_model': None, 'mode': 'moe', 'scope': 'reduced'}",ACK,0.3954921364784241,"{'ACK': 0.3954921364784241, 'BCC': 0.02874233014881611, 'MEL': 0.04883398860692978, 'NEV': 0.21902132034301758, 'SCC': 0.042374297976493835, 'SEK': 0.26553598046302795}"
ok,/home/zeus/content/IOT_fusion/NEW/unprocessed/default_balanced/sota_best,/home/zeus/content/IOT_fusion/outputs/ablations_v2/unprocessed/default_balanced/sota_best/best.pth,"{'dataset_source': 'unprocessed', 'variant': 'default_balanced', 'experiment_name': 'sota_best', 'image_model': 'sota', 'tabular_model': 'multi_expert', 'mode': 'late_fusion', 'scope': 'sota'}",ACK,0.7276244759559631,"{'ACK': 0.7276244759559631, 'BCC': 0.026130519807338715, 'MEL': 0.062431734055280685, 'NEV': 0.05492440611124039, 'SCC': 0.02871863730251789, 'SEK': 0.1001703217625618}"
ok,/home/zeus/content/IOT_fusion/NEW/unprocessed/default_balanced/tabtransformer_tab_only,/home/zeus/content/IOT_fusion/outputs/ablations_v2/unprocessed/default_balanced/tabtransformer_tab_only/best.pth,"{'dataset_source': 'unprocessed', 'variant': 'default_balanced', 'experiment_name': 'tabtransformer_tab_only', 'image_model': None, 'tabular_model': 'tabtransformer', 'mode': 'tabular_only', 'scope': 'reduced'}",NEV,0.4445839822292328,"{'ACK': 0.21373480558395386, 'BCC': 0.0036487479228526354, 'MEL': 0.05491319298744202, 'NEV': 0.4445839822292328, 'SCC': 0.008919774554669857, 'SEK': 0.274199515581131}"
ok,/home/zeus/content/IOT_fusion/NEW/unprocessed/feature_selection/cnn_img_only,/home/zeus/content/IOT_fusion/outputs/ablations_v2/unprocessed/feature_selection/cnn_img_only/best.pth,"{'dataset_source': 'unprocessed', 'variant': 'feature_selection', 'experiment_name': 'cnn_img_only', 'image_model': 'cnn', 'tabular_model': None, 'mode': 'image_only', 'scope': 'reduced'}",ACK,0.5996260643005371,"{'ACK': 0.5996260643005371, 'BCC': 0.14749787747859955, 'MEL': 0.028832338750362396, 'NEV': 0.04387664049863815, 'SCC': 0.1098431721329689, 'SEK': 0.0703238919377327}"
ok,/home/zeus/content/IOT_fusion/NEW/unprocessed/feature_selection/cnn_tabtransformer_intermediate_fusion,/home/zeus/content/IOT_fusion/outputs/ablations_v2/unprocessed/feature_selection/cnn_tabtransformer_intermediate_fusion/best.pth,"{'dataset_source': 'unprocessed', 'variant': 'feature_selection', 'experiment_name': 'cnn_tabtransformer_intermediate_fusion', 'image_model': 'cnn', 'tabular_model': 'tabtransformer', 'mode': 'intermediate_fusion', 'scope': 'reduced'}",ACK,0.6300411820411682,"{'ACK': 0.6300411820411682, 'BCC': 0.010899706743657589, 'MEL': 0.048929549753665924, 'NEV': 0.03833866864442825, 'SCC': 0.016155177727341652, 'SEK': 0.25563564896583557}"
ok,/home/zeus/content/IOT_fusion/NEW/unprocessed/feature_selection/moe_best,/home/zeus/content/IOT_fusion/outputs/ablations_v2/unprocessed/feature_selection/moe_best/best.pth,"{'dataset_source': 'unprocessed', 'variant': 'feature_selection', 'experiment_name': 'moe_best', 'image_model': None, 'tabular_model': None, 'mode': 'moe', 'scope': 'reduced'}",ACK,0.7779593467712402,"{'ACK': 0.7779593467712402, 'BCC': 0.010006891563534737, 'MEL': 0.02515099011361599, 'NEV': 0.03569967672228813, 'SCC': 0.015250388532876968, 'SEK': 0.13593272864818573}"
ok,/home/zeus/content/IOT_fusion/NEW/unprocessed/feature_selection/sota_best,/home/zeus/content/IOT_fusion/outputs/ablations_v2/unprocessed/feature_selection/sota_best/best.pth,"{'dataset_source': 'unprocessed', 'variant': 'feature_selection', 'experiment_name': 'sota_best', 'image_model': 'sota', 'tabular_model': 'multi_expert', 'mode': 'late_fusion', 'scope': 'sota'}",ACK,0.8848626613616943,"{'ACK': 0.8848626613616943, 'BCC': 0.00621168315410614, 'MEL': 0.0281094741076231, 'NEV': 0.009444084949791431, 'SCC': 0.00831643957644701, 'SEK': 0.06305564194917679}"
ok,/home/zeus/content/IOT_fusion/NEW/unprocessed/feature_selection/tabtransformer_tab_only,/home/zeus/content/IOT_fusion/outputs/ablations_v2/unprocessed/feature_selection/tabtransformer_tab_only/best.pth,"{'dataset_source': 'unprocessed', 'variant': 'feature_selection', 'experiment_name': 'tabtransformer_tab_only', 'image_model': None, 'tabular_model': 'tabtransformer', 'mode': 'tabular_only', 'scope': 'reduced'}",ACK,0.7706940174102783,"{'ACK': 0.7706940174102783, 'BCC': 0.004226995166391134, 'MEL': 0.022998332977294922, 'NEV': 0.03192809969186783, 'SCC': 0.007703882176429033, 'SEK': 0.16244864463806152}"
ok,/home/zeus/content/IOT_fusion/NEW/unprocessed/no_imbalance/cnn_img_only,/home/zeus/content/IOT_fusion/outputs/ablations_v2/unprocessed/no_imbalance/cnn_img_only/best.pth,"{'dataset_source': 'unprocessed', 'variant': 'no_imbalance', 'experiment_name': 'cnn_img_only', 'image_model': 'cnn', 'tabular_model': None, 'mode': 'image_only', 'scope': 'reduced'}",ACK,0.6191365122795105,"{'ACK': 0.6191365122795105, 'BCC': 0.1992453932762146, 'MEL': 0.004210507031530142, 'NEV': 0.043072205036878586, 'SCC': 0.05243498831987381, 'SEK': 0.08190042525529861}"
ok,/home/zeus/content/IOT_fusion/NEW/unprocessed/no_imbalance/cnn_tabtransformer_intermediate_fusion,/home/zeus/content/IOT_fusion/outputs/ablations_v2/unprocessed/no_imbalance/cnn_tabtransformer_intermediate_fusion/best.pth,"{'dataset_source': 'unprocessed', 'variant': 'no_imbalance', 'experiment_name': 'cnn_tabtransformer_intermediate_fusion', 'image_model': 'cnn', 'tabular_model': 'tabtransformer', 'mode': 'intermediate_fusion', 'scope': 'reduced'}",ACK,0.602723240852356,"{'ACK': 0.602723240852356, 'BCC': 0.002026315312832594, 'MEL': 0.001622940180823207, 'NEV': 0.1585610955953598, 'SCC': 0.0020008725114166737, 'SEK': 0.23306553065776825}"
ok,/home/zeus/content/IOT_fusion/NEW/unprocessed/no_imbalance/moe_best,/home/zeus/content/IOT_fusion/outputs/ablations_v2/unprocessed/no_imbalance/moe_best/best.pth,"{'dataset_source': 'unprocessed', 'variant': 'no_imbalance', 'experiment_name': 'moe_best', 'image_model': None, 'tabular_model': None, 'mode': 'moe', 'scope': 'reduced'}",ACK,0.9031972289085388,"{'ACK': 0.9031972289085388, 'BCC': 0.014791504479944706, 'MEL': 0.0036016167141497135, 'NEV': 0.007702972274273634, 'SCC': 0.01352842990309, 'SEK': 0.05717810243368149}"
ok,/home/zeus/content/IOT_fusion/NEW/unprocessed/no_imbalance/sota_best,/home/zeus/content/IOT_fusion/outputs/ablations_v2/unprocessed/no_imbalance/sota_best/best.pth,"{'dataset_source': 'unprocessed', 'variant': 'no_imbalance', 'experiment_name': 'sota_best', 'image_model': 'sota', 'tabular_model': 'multi_expert', 'mode': 'late_fusion', 'scope': 'sota'}",ACK,0.9862340688705444,"{'ACK': 0.9862340688705444, 'BCC': 0.00042534118983894587, 'MEL': 9.372859494760633e-05, 'NEV': 0.0005505064036697149, 'SCC': 0.0004391399852465838, 'SEK': 0.012257369235157967}"
ok,/home/zeus/content/IOT_fusion/NEW/unprocessed/no_imbalance/tabtransformer_tab_only,/home/zeus/content/IOT_fusion/outputs/ablations_v2/unprocessed/no_imbalance/tabtransformer_tab_only/best.pth,"{'dataset_source': 'unprocessed', 'variant': 'no_imbalance', 'experiment_name': 'tabtransformer_tab_only', 'image_model': None, 'tabular_model': 'tabtransformer', 'mode': 'tabular_only', 'scope': 'reduced'}",ACK,0.9378871321678162,"{'ACK': 0.9378871321678162, 'BCC': 0.0038847506511956453, 'MEL': 0.0027495878748595715, 'NEV': 0.003426882904022932, 'SCC': 0.005564085673540831, 'SEK': 0.04648750647902489}"
